Economy,Year,Ease of Doing Business Rank,Overall DTF,Starting a Business - Rank,Starting a Business - DTF,Starting a Business - Procedure ¡V Men (number),Starting a Business - Time ¡V Men (days),Starting a Business - Cost ¡V Men (% of income per capita),Starting a Business - Procedure ¡V Women (number),Starting a Business - Time ¡V Women (days),Starting a Business - Cost ¡V Women (% of income per capita),Starting a Business - Paid-in min. capital (% of income per capita),Dealing with Construction Permits - Rank,Dealing with Construction Permits - DTF,Dealing with Construction Permits - Procedures (number),Dealing with Construction Permits - Time (days),Dealing with Construction Permits - Cost (% of warehouse value),Dealing with Construction Permits - Building quality control index (0-15),Dealing with Construction Permits - Quality of building regulations index (0-2),Dealing with Construction Permits - Quality control before construction index (0-1),Dealing with Construction Permits - Quality control during construction index (0-3),Dealing with Construction Permits - Quality control after construction index (0-3),Dealing with Construction Permits - Liability and insurance regimes index (0-2),Dealing with Construction Permits - Professional certifications index (0-4),Getting Electricity - Rank,Getting Electricity - DTF,Getting Electricity - Procedures (number),Getting Electricity - Time (days),Getting Electricity - Cost (% of income per capita),Getting Electricity - Reliability of supply and transparency of tariff index (0-8),Getting Electricity - Total duration and frequency of outages per customer a year (0-3),Getting Electricity - Mechanisms for monitoring outages (0-1),Getting Electricity - Mechanisms for restoring service (0-1),Getting Electricity - Regulatory monitoring (0-1),Getting Electricity - Financial deterrents aimed at limiting outages (0-1),Getting Electricity - Communication of tariffs and tariff changes (0-1),Getting Electricity - Price of electricity (US cents per kWh),Registering Property - Rank,Registering Property - DTF,Registering Property - Procedures (number),Registering Property - Time (days),Registering Property - Cost (% of property value),Registering Property - Quality of the land administration index (0-30),Registering Property - Reliability of infrastructure index (0-8),Registering Property - Transparency of information index (0¡V6),Registering Property - Geographic coverage index (0¡V8),Registering Property - Land dispute resolution index (0¡V8),Registering Property - Equal access to property rights index (-2¡V0),Getting Credit - Rank,Getting Credit - DTF,Getting Credit - Strength of legal rights index (0-12),Getting Credit - Strength of legal rights index (0-10) old methodology,Getting Credit - Depth of credit information index (0-8),Getting Credit - Depth of credit information index (0-6) old methodology,Getting Credit - Credit registry coverage (% of adults),Getting Credit - Credit bureau coverage (% of adults),Protecting Minority Investors - Rank,Protecting Minority Investors - DTF,Protecting Minority Investors - Strength of minority investor protection index (0-10),Protecting Minority Investors - Strength of investor protection index (0-10) old methodology,Protecting Minority Investors - Extent of conflict of interest regulation index (0-10),Protecting Minority Investors - Extent of disclosure index (0-10),Protecting Minority Investors - Extent of director liability index (0-10),Protecting Minority Investors - Ease of shareholder suits index (0-10),Protecting Minority Investors - Ease of shareholder suits index (0-10) old methodology,Protecting Minority Investors - Extent of shareholder governance index (0-10),Protecting Minority Investors - Extent of shareholder rights index (0-10),Protecting Minority Investors - Extent of ownership and control index (0-10),Protecting Minority Investors - Extent of corporate transparency index (0-10),Paying Taxes - Rank,Paying Taxes - Postfiling index (0-100),Paying Taxes - DTF,Paying Taxes - Payments (number per year),Paying Taxes - Time (hours per year),Paying Taxes - Total tax rate (% of profit),Paying Taxes - Profit tax (% of profit),Paying Taxes - Labor tax and contributions (% of profit),Paying Taxes - Other taxes (% of profit),Paying Taxes - Administrative appeal process,Trading across Borders - Rank,Trading across Borders - DTF,Trading across Borders - Time to export: Border compliance (hours),Trading across Borders - Cost to export: Border compliance (USD),Trading across Borders - Time to export: Documentary compliance (hours),Trading across Borders - Cost to export: Documentary compliance (USD),Trading across Borders - Time to import: Border compliance (hours),Trading across Borders - Cost to import: Border compliance (USD),Trading across Borders - Time to import: Documentary compliance (hours),Trading across Borders - Cost to import: Documentary compliance (USD),Trading across Borders - Documents to export (number) old methodology,Trading across Borders - Time to export (days) old methodology,Trading across Borders - Cost to export (US$ per container) old methodology,Trading across Borders - Documents to import (number) old methodology,Trading across Borders - Time to import (days) old methodology,Trading across Borders - Cost to import (US$ per container) old methodology,Enforcing Contracts - Rank,Enforcing Contracts - DTF,Enforcing Contracts - Time (days),Enforcing Contracts - Cost (% of claim),Enforcing Contracts - Quality of judicial processes index (0-18),Resolving Insolvency - Rank,Resolving Insolvency - DTF,Resolving Insolvency - Recovery rate (cents on the dollar),Resolving Insolvency - Time (years),Resolving Insolvency - Cost (% of estate),Resolving Insolvency - Outcome (0 as piecemeal sale and 1 as going concern),Resolving Insolvency - Strength of insolvency framework index (0-16),Resolving Insolvency - Commencement of proceedings index (0-3),Resolving Insolvency - Management of debtor's assets index (0-6),Resolving Insolvency - Reorganization proceedings index (0-3),Resolving Insolvency - Creditor participation index (0-4)
China,DB2017,78,64.28,127,81.02,9,28.9,0.7,9,28.9,0.7,0,177,48.52,22,244.3,7,9,0,0,0,0,0,0,97,68.73,5.5,143.2,390.4,6,2,1,0,0,1,0,14.7,42,76.15,4,19.5,3.4,18.3,,,,,0,62,60,4,,8,,91.1,21.3,123,45,4.5,,5,10,1,4,,4,1,2,9,131,48.6,60.46,9,259,68,,,,N/A,96,69.13,26,522,21,85,92,777,66,171,,,,,,,5,77.98,452.8,16.2,14.3,53,55.82,36.9,1.7,22,,11.5,,,,
China,DB2016,80,62.86,134,77.46,11,31.4,0.7,11,31.4,0.7,0,175,48.29,22,244.3,7.2,9,0,0,0,0,0,0,92,68.66,5.5,143.2,413.3,6,2,1,0,1,1,0,14.6,42,76.15,4,19.5,3.4,18.3,,,,,N/A,78,50,4,,6,,89.5,0,118,45,4.5,,5,10,1,4,,4,1,2,9,127,48.6,60.5,9,261,67.8,,,,,94,69.13,26,522,21,85,92,777,66,171,,,,,,,4,77.98,452.8,16.2,14.3,53,55.43,36.2,1.7,22,,11.5,,,,
China,DB2015,,63.14,,77.43,11,31.4,0.9,11,31.4,0.9,0,,47.81,22,244.3,7.6,9,,,,,,,,68.52,5.5,143.2,459.4,6,3,0,0,1,1,0,,,76.14,4,19.5,3.4,18.3,,,,,,,50,4,,6,,33.2,0,,45,4.5,,5,10,1,4,,4,1,2,9,,,64.04,9,261,68.5,,,,,,69.13,26,522,21,85,92,777,66,171,,21,823,,24,800,,77.98,452.8,16.2,14.3,,55.31,36,1.7,22,,11.5,,,,
China,DB2014,,61.13,,68.72,13,34.4,1.9,13,34.4,1.9,78.2,,43.2,22,244.3,7.9,,,,,,,,,66.19,5.5,143.2,499.5,,,,,,,,,,81.16,4,19.5,3.4,,,,,,,,62.5,4,5,6,5,30.2,0,,50,4.5,,5,10,1,4,4,4,1,2,9,,,60.97,9,318,68.7,,,,,,71.58,,,,,,,,,,21,823,,24,800,,68.21,452.8,16.2,,,55.31,36,1.7,22,,11.5,,,,
China,DB2013,,59.94,,68.56,13,33,2.1,13,33,2.1,85.7,,35.21,25,279,8.3,,,,,,,,,68.23,5,145,547,,,,,,,,,,79.29,4,28,3.6,,,,,,,,56.25,,5,,4,27.7,0,,50,,5,,10,1,,4,,,,,,,60.58,9,338,67.6,,,,,,72.97,,,,,,,,,8,21,580,5,24,615,,69.89,406,15.1,,,38.41,35.7,,22,0,,,,,
China,DB2012,,58.58,,64.73,14,38,3.6,14,38,3.6,100.4,,25.62,29,310,9.1,,,,,,,,,67.85,5,145,640.9,,,,,,,,,,79.06,4,28,3.7,,,,,,,,56.25,,5,,4,23.7,0,,50,,5,,10,1,,4,,,,,,,60.29,9,358,66.4,,,,,,73.2,,,,,,,,,8,21,500,5,24,545,,69.89,406,15.1,,,38.86,36.1,,22,0,,,,,
China,DB2011,,59.45,,63.5,14,38,4.5,14,38,4.5,118.3,,35.84,30,280,3.9,,,,,,,,,67.38,5,145,755.2,,,,,,,,,,79.26,4,28,3.6,,,,,,,,56.25,,5,,4,16.9,0,,50,,5,,10,1,,4,,,,,,,60.3,9,358,66.3,,,,,,72.95,,,,,,,,,8,21,500,5,24,545,,69.89,406,15.1,,,39.17,36.4,,22,,,,,,
China,DB2010,,56.52,,62.67,14,38,4.9,14,38,4.9,130.9,,24.4,30,280,10.7,,,,,,,,,67.04,5,145,835.7,,,,,,,,,,79.25,4,28,3.6,,,,,,,,56.25,,5,,4,13.7,0,,50,,5,,10,1,,4,,,,,,,44.75,9,463.8,81.4,,,,,,72.97,,,,,,,,,8,21,500,5,24,545,,69.89,406,15.1,,,37.97,35.3,,22,,,,,,
China,DB2009,,,,59.78,14,41,8.4,14,41,8.4,158.1,,21.87,30,280,12.2,,,,,,,,,,,,,,,,,,,,,,79.23,4,28,3.7,,,,,,,,56.25,,5,,4,10.1,0,,50,,5,,10,1,,4,,,,,,,42.4,11,464,82.7,,,,,,71.56,,,,,,,,,8,21,460,6,24,545,,69.89,406,15.1,,,37.97,35.3,,22,,,,,,
China,DB2008,,,,60.75,13,35,8.4,13,35,8.4,190.2,,18.87,30,280,14,,,,,,,,,,,,,,,,,,,,,,79.28,4,28,3.6,,,,,,,,50,,4,,4,7.8,0,,50,,5,,10,1,,4,,,,,,,14.44,37,832,84,,,,,,72.06,,,,,,,,,8,21,390,6,24,430,,69.89,406,15.1,,,38.67,35.9,,22,,,,,,
China,DB2007,,,,59.2,13,35,9.3,13,35,9.3,213.1,,16.37,30,280,15.5,,,,,,,,,,,,,,,,,,,,,,79.36,4,28,3.6,,,,,,,,43.75,,3,,4,10.2,0,,50,,5,,10,1,,4,,,,,,,15.1,37,832,83.6,,,,,,71.92,,,,,,,,,8,21,390,6,24,430,,69.89,406,15.1,,,33.91,31.5,,22,,,,,,
China,DB2006,,,,50.97,13,48,13.6,13,48,13.6,284,,9.62,30,285,19.3,,,,,,,,,,,,,,,,,,,,,,78.12,4,28,4.2,,,,,,,,18.75,,3,,0,0.4,0,,43.33,,4.3,,10,1,,2,,,,,,,15.93,37,832,82.8,,,,,,70.53,,,,,,,,,8,23,390,6,26,430,,71.39,406,11.1,,,33.91,31.5,,22,,,,,,
China,DB2005,,,,43.43,13,48,15.9,13,48,15.9,1104.2,,,,,,,,,,,,,,,,,,,,,,,,,,,78.1,4,28,4.2,,,,,,,,18.75,,3,,0,0.4,0,,,,,,,,,,,,,,,,,,,,,,,,,,,,,,,,,,,,,,,,,71.39,406,11.1,,,34.12,31.7,,22,,,,,,
China,DB2004,,,,43.2,13,48,17.8,13,48,17.8,1236.5,,,,,,,,,,,,,,,,,,,,,,,,,,,,,,,,,,,,,,,,,,,,,,,,,,,,,,,,,,,,,,,,,,,,,,,,,,,,,,,,,,,,,71.39,406,11.1,,,34.12,31.7,,22,,,,,,
China - Beijing,DB2017,,63.98,,80.73,9,30,0.7,9,30,0.7,0,,51.14,22,208,7,9,1,1,2,3,2,0,,66.67,6,141,390.6,6,2,1,1,1,0,1,13.9,,77.17,4,9,3.1,17.5,3,5,2,7.5,0,,60,4,,8,,91.1,21.3,,45,4.5,,5,10,1,4,,4,1,2,9,,48.6,60.44,9,254,68.5,10.8,48.8,8.2,N/A,,67.42,29,425,30,78,117,760,80,196,,,,,,,,75.41,510,17.5,14,,55.82,36.9,1.7,22,0,11.5,3,5,2.5,1
China - Beijing,DB2016,,62.52,,77.03,11,33,0.8,11,33,0.8,0,,50.9,22,208,7.2,9,1,1,2,3,2,0,,66.6,6,141,413.5,6,2,1,1,1,0,1,14.3,,77.17,4,9,3.1,17.5,3,5,2,7.5,N/A,,50,4,,6,,89.5,0,,45,4.5,,5,10,1,4,,4,1,2,9,,48.6,60.17,9,261,68.5,10.7,49.6,8.2,,,67.42,29,425,30,78,117,760,80,196,,,,,,,,75.41,510,17.5,14,,55.43,36.2,1.7,22,0,11.5,3,5,2.5,1
China - Beijing,DB2015,,62.82,,77.01,11,33,0.9,11,33,0.9,0,,50.43,22,208,7.6,9,1,1,2,3,2,0,,66.46,6,141,459.7,6,2,1,1,1,0,1,14.1,,77.17,4,9,3.1,17.5,3,5,2,7.5,,,50,4,,6,,33.2,0,,45,4.5,,5,10,1,4,4,4,1,2,9,,,64.02,9,261,68.5,10.7,49.6,8.2,,,67.42,29,425,30,78,117,760,80,196,8,21,1071,5,24,1026,,75.41,510,17.5,14,,55.31,36,1.7,22,0,11.5,3,5,2.5,1
China - Beijing,DB2014,,61.04,,68.31,13,36,1.9,13,36,1.9,78.2,,46.69,22,208,7.9,,,,,,,,,63.45,6,141,499.8,,,,,,,,,,83.44,4,9,3.1,,,,,,,,62.5,4,5,6,5,30.2,0,,50,4.5,5,5,10,1,4,4,4,1,2,9,,,61.09,9,318,68.5,,,,,,69.98,,,,,,,,,8,21,1071,5,24,1026,,66.15,510,17.5,,,55.31,36,,22,0,11.5,3,5,2.5,1
China - Shanghai,DB2017,,64.52,,81.25,9,28,0.6,9,28,0.6,0,,46.38,22,274,7,9,1,1,2,3,2,0,,70.41,5,145,390.2,6,2,1,1,1,0,1,14.7,,75.32,4,28,3.6,19,4,3.5,4,7.5,0,,60,4,,8,,91.1,21.3,,45,4.5,,5,10,1,4,,4,1,2,9,,48.6,60.47,9,263,67.7,10.8,48.8,8.7,N/A,,70.52,23,602,14,90,72,790,54,150,,,,,,,,80.08,406,15.1,14.5,,55.82,36.9,1.7,22,0,11.5,3,5,2.5,1
China - Shanghai,DB2016,,63.14,,77.8,11,30,0.6,11,30,0.6,0,,46.15,22,274,7.2,9,1,1,2,3,2,0,,70.34,5,145,413.1,6,2,1,1,1,0,1,14.6,,75.31,4,28,3.6,19,4,3.5,4,7.5,N/A,,50,4,,6,,89.5,0,,45,4.5,,5,10,1,4,,4,1,2,9,,48.6,60.77,9,261,67.2,11.1,47.4,8.7,,,70.52,23,602,14,90,72,790,54,150,,,,,,,,80.08,406,15.1,14.5,,55.43,36.2,1.7,22,0,11.5,3,5,2.5,1
China - Shanghai,DB2015,,63.39,,77.76,11,30,1,11,30,1,0,,45.67,22,274,7.6,9,1,1,2,3,2,0,,70.2,5,145,459.2,6,2,1,1,1,0,1,14.5,,75.31,4,28,3.6,19,4,3.5,4,7.5,,,50,4,,6,,33.2,0,,45,4.5,,5,10,1,4,4,4,1,2,9,,,64.06,9,261,68.4,10.7,49.1,8.6,,,70.52,23,602,14,90,72,790,54,150,8,21,620,5,24,615,,80.08,406,15.1,14.5,,55.31,36,1.7,22,0,11.5,3,5,2.5,1
China - Shanghai,DB2014,,61.2,,69.05,13,33,2,13,33,2,78.2,,40.35,22,274,7.9,,,,,,,,,68.43,5,145,499.2,,,,,,,,,,79.3,4,28,3.6,,,,,,,,62.5,4,5,6,5,30.2,0,,50,4.5,5,5,10,1,4,4,4,1,2,9,,,60.87,9,318,68.9,6.2,49.6,,,,72.89,,,,,,,,,8,21,620,5,24,615,,69.89,406,15.1,,,55.31,36,,22,0,11.5,3,5,2.5,1
China - Shanghai,DB2013,,59.94,,68.56,13,33,2.1,13,33,2.1,85.7,,35.21,25,279,8.3,,,,,,,,,68.23,5,145,547,,,,,,,,,,79.29,4,28,3.6,,,,,,,,56.25,,5,,4,27.7,0,,50,,5,,10,1,,4,,,,,,,60.58,9,338,67.6,,,,,,72.97,,,,,,,,,8,21,580,5,24,615,,69.89,406,15.1,,,38.41,35.7,,22,0,,,,,
China - Shanghai,DB2012,,58.58,,64.73,14,38,3.6,14,38,3.6,100.4,,25.62,29,310,9.1,,,,,,,,,67.85,5,145,640.9,,,,,,,,,,79.06,4,28,3.7,,,,,,,,56.25,,5,,4,23.7,0,,50,,5,,10,1,,4,,,,,,,60.29,9,358,66.4,,,,,,73.2,,,,,,,,,8,21,500,5,24,545,,69.89,406,15.1,,,38.86,36.1,,22,0,,,,,
China - Shanghai,DB2011,,59.45,,63.5,14,38,4.5,14,38,4.5,118.3,,35.84,30,280,3.9,,,,,,,,,67.38,5,145,755.2,,,,,,,,,,79.26,4,28,3.6,,,,,,,,56.25,,5,,4,16.9,0,,50,,5,,10,1,,4,,,,,,,60.3,9,358,66.3,,,,,,72.95,,,,,,,,,8,21,500,5,24,545,,69.89,406,15.1,,,39.17,36.4,,22,,,,,,
China - Shanghai,DB2010,,56.52,,62.67,14,38,4.9,14,38,4.9,130.9,,24.4,30,280,10.7,,,,,,,,,67.04,5,145,835.7,,,,,,,,,,79.25,4,28,3.6,,,,,,,,56.25,,5,,4,13.7,0,,50,,5,,10,1,,4,,,,,,,44.75,9,463.8,81.4,,,,,,72.97,,,,,,,,,8,21,500,5,24,545,,69.89,406,15.1,,,37.97,35.3,,22,,,,,,
China - Shanghai,DB2009,,,,59.78,14,41,8.4,14,41,8.4,158.1,,21.87,30,280,12.2,,,,,,,,,,,,,,,,,,,,,,79.23,4,28,3.7,,,,,,,,56.25,,5,,4,10.1,0,,50,,5,,10,1,,4,,,,,,,42.4,11,464,82.7,,,,,,71.56,,,,,,,,,8,21,460,6,24,545,,69.89,406,15.1,,,37.97,35.3,,22,,,,,,
China - Shanghai,DB2008,,,,60.75,13,35,8.4,13,35,8.4,190.2,,18.87,30,280,14,,,,,,,,,,,,,,,,,,,,,,79.28,4,28,3.6,,,,,,,,50,,4,,4,7.8,0,,50,,5,,10,1,,4,,,,,,,14.44,37,832,84,,,,,,72.06,,,,,,,,,8,21,390,6,24,430,,69.89,406,15.1,,,38.67,35.9,,22,,,,,,
China - Shanghai,DB2007,,,,59.2,13,35,9.3,13,35,9.3,213.1,,16.37,30,280,15.5,,,,,,,,,,,,,,,,,,,,,,79.36,4,28,3.6,,,,,,,,43.75,,3,,4,10.2,0,,50,,5,,10,1,,4,,,,,,,15.1,37,832,83.6,,,,,,71.92,,,,,,,,,8,21,390,6,24,430,,69.89,406,15.1,,,33.91,31.5,,22,,,,,,
China - Shanghai,DB2006,,,,50.97,13,48,13.6,13,48,13.6,284,,9.62,30,285,19.3,,,,,,,,,,,,,,,,,,,,,,78.12,4,28,4.2,,,,,,,,18.75,,3,,0,0.4,0,,43.33,,4.3,,10,1,,2,,,,,,,15.93,37,832,82.8,,,,,,70.53,,,,,,,,,8,23,390,6,26,430,,71.39,406,11.1,,,33.91,31.5,,22,,,,,,
China - Shanghai,DB2005,,,,43.43,13,48,15.9,13,48,15.9,1104.2,,,,,,,,,,,,,,,,,,,,,,,,,,,78.1,4,28,4.2,,,,,,,,18.75,,3,,0,0.4,0,,,,,,,,,,,,,,,,,,,,,,,,,,,,,,,,,,,,,,,,,71.39,406,11.1,,,34.12,31.7,,22,,,,,,
China - Shanghai,DB2004,,,,43.2,13,48,17.8,13,48,17.8,1236.5,,,,,,,,,,,,,,,,,,,,,,,,,,,,,,,,,,,,,,,,,,,,,,,,,,,,,,,,,,,,,,,,,,,,,,,,,,,,,,,,,,,,,71.39,406,11.1,,,34.12,31.7,,22,,,,,,
"Hong Kong SAR, China",DB2017,4,84.21,3,98.2,2,1.5,0.6,2,1.5,0.6,0,5,84.82,11,72,0.7,12,2,1,2,3,2,2,3,99.02,3,27,1.4,8,3,1,1,1,1,1,15,61,69.79,5,27.5,7.7,23,5,4.5,8,5.5,0,20,75,8,,7,,0,100,3,80,8,,9,10,8,9,,7,9,4,8,3,98.6,98.69,3,74,22.9,17.5,5.3,0.1,N/A,42,88.94,19,282,1,57,19,266,1,57,,,,,,,21,72.57,360,21.2,11,28,75.06,87.2,0.8,5,1,9,3,3,1,2
"Hong Kong SAR, China",DB2016,5,83.77,4,98.12,2,1.5,1.2,2,1.5,1.2,0,5,84.78,11,72,0.7,12,2,1,2,3,2,2,5,94.74,4,28,1.5,8,3,1,1,1,1,1,15.5,60,69.78,5,27.5,7.7,23,5,4.5,8,5.5,N/A,19,75,8,,7,,0,96,3,80,8,,9,10,8,9,,7,9,4,8,3,98.6,98.69,3,74,22.8,17.5,5.2,0.1,,42,88.94,19,282,1,57,19,266,1,57,,,,,,,21,72.57,360,21.2,11,27,75.06,87.2,0.8,5,1,9,3,3,1,2
"Hong Kong SAR, China",DB2015,,82.97,,96.38,3,2.5,1.4,3,2.5,1.4,0,,84.8,11,72,0.7,12,2,1,2,3,2,2,,93.65,4,38,1.5,8,3,1,1,1,1,1,15.3,,69.77,5,27.5,7.7,23,5,4.5,8,5.5,,,70,7,,7,,0,96.1,,80,8,,9,10,8,9,10,7,9,4,8,,,98.51,3,78,22.8,17.6,5.1,0.1,,,88.94,19,282,1,57,19,266,1,57,3,6,590,3,5,565,,72.57,360,21.2,11,,75.06,87.2,0.8,5,1,9,3,3,1,2
"Hong Kong SAR, China",DB2014,,88.67,,96.45,3,2.5,0.8,3,2.5,0.8,0,,85.88,11,77,0.7,,,,,,,,,91.54,4,38,1.4,,,,,,,,,,67.46,5,27.5,7.7,,,,,,,,93.75,7,10,7,5,0,93.6,,90,7.8,9,8.7,9,8,9,10,7,9,4,8,,,98.51,3,78,22.6,17.6,5.3,,,,95.46,,,,,,,,,3,6,590,3,5,565,,80.32,360,21.2,,,71.82,81.2,,9,1,9,3,3,1,2
"Hong Kong SAR, China",DB2013,,89.33,,96.32,3,2.5,1.9,3,2.5,1.9,0,,85.81,11,77,0.8,,,,,,,,,91.1,4,41,1.5,,,,,,,,,,75.78,5,27.5,4,,,,,,,,93.75,,10,,5,0,89.4,,90,,9,,9,8,,10,,,,,,,98.51,3,78,23,,,,,,95.37,,,,,,,,,3,6,575,3,5,565,,79.28,360,21.2,,,87.38,81.2,,9,1,,,,,
"Hong Kong SAR, China",DB2012,,89.34,,96.31,3,2.5,1.9,3,2.5,1.9,0,,86.83,10,79,0.8,,,,,,,,,90.81,4,43,1.7,,,,,,,,,,75.45,5,27.5,4.1,,,,,,,,93.75,,10,,5,0,86.3,,90,,9,,9,8,,10,,,,,,,98.4,3,80,23,,,,,,95.22,,,,,,,,,3,6,575,3,5,565,,79.28,360,21.2,,,87.38,81.2,,9,1,,,,,
"Hong Kong SAR, China",DB2011,,88.67,,95.42,3,6,2,3,6,2,0,,86.7,10,79,0.9,,,,,,,,,83.57,4,93,1.8,,,,,,,,,,75.42,5,27.5,4.2,,,,,,,,93.75,,10,,5,0,72,,90,,9,,9,8,,10,,,,,,,98.4,3,80,23,,,,,,94.56,,,,,,,,,3,7,625,3,5,600,,81.47,280,21.2,,,87.38,81.2,,9,,,,,,
"Hong Kong SAR, China",DB2010,,88.28,,95.45,3,6,1.8,3,6,1.8,0,,86.76,10,79,0.9,,,,,,,,,83.57,4,93,1.7,,,,,,,,,,73.54,5,27.5,5,,,,,,,,93.75,,10,,5,0,71.9,,90,,9,,9,8,,10,,,,,,,97.85,4,80,23,,,,,,94.63,,,,,,,,,3,7,625,3,5,583,,81.47,280,21.2,,,85.83,79.7,,9,,,,,,
"Hong Kong SAR, China",DB2009,,,,91.23,5,11,2,5,11,2,0,,66.89,18,174,0.9,,,,,,,,,,,,,,,,,,,,,,75.44,5,27.5,4.2,,,,,,,,93.75,,10,,5,0,69.9,,90,,9,,9,8,,10,,,,,,,97.85,4,80,24.1,,,,,,94.41,,,,,,,,,3,7,625,3,5,633,,83.35,211,21.2,,,85.83,79.7,,9,,,,,,
"Hong Kong SAR, China",DB2008,,,,91.1,5,11,3.1,5,11,3.1,0,,53.38,25,216,1,,,,,,,,,,,,,,,,,,,,,,75.41,5,27.5,4.2,,,,,,,,93.75,,10,,5,0,64.7,,90,,9,,9,8,,10,,,,,,,97.85,4,80,24.1,,,,,,95.03,,,,,,,,,3,7,525,3,5,525,,83.35,211,21.2,,,84.97,78.9,,9,,,,,,
"Hong Kong SAR, China",DB2007,,,,91.07,5,11,3.3,5,11,3.3,0,,53.19,25,216,1.1,,,,,,,,,,,,,,,,,,,,,,75.37,5,27.5,4.2,,,,,,,,93.75,,10,,5,0,64.5,,90,,9,,9,8,,10,,,,,,,97.85,4,80,24.1,,,,,,95.05,,,,,,,,,3,7,525,3,5,525,,83.35,211,21.2,,,84.97,78.9,,9,,,,,,
"Hong Kong SAR, China",DB2006,,,,91.06,5,11,3.4,5,11,3.4,0,,53.1,25,216,1.2,,,,,,,,,,,,,,,,,,,,,,75.35,5,27.5,4.2,,,,,,,,93.75,,10,,5,0,64.5,,90,,9,,9,8,,10,,,,,,,97.85,4,80,24.1,,,,,,78.15,,,,,,,,,6,14,425,8,17,425,,83.35,211,21.2,,,87.38,81.2,,9,,,,,,
"Hong Kong SAR, China",DB2005,,,,91.05,5,11,3.4,5,11,3.4,0,,,,,,,,,,,,,,,,,,,,,,,,,,,75.34,5,27.5,4.2,,,,,,,,93.75,,10,,5,0,61.5,,,,,,,,,,,,,,,,,,,,,,,,,,,,,,,,,,,,,,,,,83.35,211,21.2,,,87.38,81.2,,9,,,,,,
"Hong Kong SAR, China",DB2004,,,,91.18,5,11,2.4,5,11,2.4,0,,,,,,,,,,,,,,,,,,,,,,,,,,,,,,,,,,,,,,,,,,,,,,,,,,,,,,,,,,,,,,,,,,,,,,,,,,,,,,,,,,,,,83.35,211,21.2,,,87.38,81.2,,9,,,,,,
Japan,DB2017,34,75.53,89,86.09,8,11.2,7.5,8,11.2,7.5,0,60,73.33,12,197,0.5,11,0,0,0,0,0,0,15,89.88,3.4,97.7,0,8,3,1,0,0,1,0,24.6,49,73.91,6,13,5.8,24.5,,,,,0,82,50,4,,6,,0,100,53,60,6,,7,7,6,8,,5,7,3,5,70,78.9,77.03,14,175,48.9,,,,N/A,49,86.43,23,265,2,60,40,299,3,100,,,,,,,48,65.26,360,23.4,7.5,2,93.34,92.1,0.6,4.2,,14,,,,
Japan,DB2016,32,75.36,81,86.09,8,11.2,7.5,8,11.2,7.5,0,58,73.32,12,197,0.6,11,0,0,0,0,0,0,14,89.88,3.4,97.7,0,8,3,1,0,1,1,0,28.9,49,73.91,6,13,5.8,24.5,,,,,N/A,78,50,4,,6,,0,100,51,60,6,,7,7,6,8,,5,7,3,5,71,78.9,75.32,14,204,50.4,,,,,49,86.43,23,265,2,60,40,299,3,100,,,,,,,48,65.26,360,23.4,7.5,2,93.41,92.3,0.6,4.2,,14,,,,
Japan,DB2015,,75.19,,86.09,8,11.2,7.5,8,11.2,7.5,0,,73.31,12,197,0.6,11,,,,,,,,89.88,3.4,97.7,0,8,3,0,0,1,1,0,,,73.91,6,13,5.8,24.5,,,,,,,50,4,,6,,0,100,,60,6,,7,7,6,8,,5,7,3,5,,,73.28,14,221,50.4,,,,,,86.43,23,265,2,60,40,299,3,100,,11,829.3,,11,1021.3,,65.26,360,23.4,7.5,,93.74,92.9,0.6,3.5,,14,,,,
Japan,DB2014,,78.39,,85.96,8,11.7,7.5,8,11.7,7.5,0,,73.37,12,197,0.5,,,,,,,,,86.51,3.4,97.7,0,,,,,,,,,,71.32,6,13,5.8,,,,,,,,62.19,4,5,6,5,0,100,,70,6,,7,7,6,8,8,5,7,3,5,,,74.15,13,221,49.8,,,,,,87.26,,,,,,,,,,11,829.3,,11,1021.3,,73.25,360,23.4,,,93.71,92.8,0.6,3.5,,14,,,,
Japan,DB2013,,78.81,,85.87,8,12,7.5,8,12,7.5,0,,73.36,12,197,0.5,,,,,,,,,87.39,3,105,0,,,,,,,,,,71.32,6,13,5.8,,,,,,,,68.75,,6,,5,0,100,,70,,7,,7,6,,8,,,,,,,74.81,13,221,48.5,,,,,,86.8,,,,,,,,,3,11,905,5,11,1107,,69.95,360,32.2,,,99.86,92.8,,3.5,1,,,,,
Japan,DB2012,,78.88,,85.88,8,12,7.5,8,12,7.5,0,,73.37,12,197,0.5,,,,,,,,,87.39,3,105,0,,,,,,,,,,71.55,6,13,5.7,,,,,,,,68.75,,6,,5,0,99,,70,,7,,7,6,,8,,,,,,,75.17,13,221,47.7,,,,,,86.92,,,,,,,,,3,11,905,5,11,1107,,69.95,360,32.2,,,99.83,92.7,,3.5,1,,,,,
Japan,DB2011,,77.98,,83.11,8,23,7.5,8,23,7.5,0,,73.61,12,197,0.4,,,,,,,,,87.39,3,105,0,,,,,,,,,,71.88,6,13,5.5,,,,,,,,68.75,,6,,5,0,76.1,,70,,7,,7,6,,8,,,,,,,68.31,13,355,47.7,,,,,,87.05,,,,,,,,,3,11,905,5,11,1107,,69.95,360,32.2,,,99.77,92.7,,3.5,,,,,,
Japan,DB2010,,78.39,,83.12,8,23,7.5,8,23,7.5,0,,73.63,12,197,0.4,,,,,,,,,87.39,3,105,0,,,,,,,,,,73,6,13,5,,,,,,,,75,,6,,6,0,76.2,,70,,7,,7,6,,8,,,,,,,65.06,12,355,55,,,,,,87.19,,,,,,,,,3,11,884,5,11,1094,,69.95,360,32.2,,,99.61,92.5,,3.5,,,,,,
Japan,DB2009,,,,83.12,8,23,7.5,8,23,7.5,0,,73.64,12,197,0.4,,,,,,,,,,,,,,,,,,,,,,73,6,13,5,,,,,,,,75,,6,,6,0,76.2,,70,,7,,7,6,,8,,,,,,,64.66,13,355,54.7,,,,,,87.27,,,,,,,,,3,11,884,5,11,1094,,69.95,360,32.2,,,99.61,92.5,,3.5,,,,,,
Japan,DB2008,,,,83.12,8,23,7.5,8,23,7.5,0,,74.52,12,188,0.4,,,,,,,,,,,,,,,,,,,,,,72.98,6,13,5,,,,,,,,75,,6,,6,0,68.3,,70,,7,,7,6,,8,,,,,,,66.49,13,350,51.7,,,,,,87.33,,,,,,,,,3,11,884,5,11,1094,,69.95,360,32.2,,,99.7,92.6,,3.5,,,,,,
Japan,DB2007,,,,83.11,8,23,7.5,8,23,7.5,0,,74.49,12,188,0.4,,,,,,,,,,,,,,,,,,,,,,75.19,6,13,4.1,,,,,,,,75,,6,,6,0,61.2,,70,,7,,7,6,,8,,,,,,,66.49,13,350,51.7,,,,,,87.39,,,,,,,,,3,11,884,5,11,1094,,69.95,360,32.2,,,99.8,92.7,,3.5,,,,,,
Japan,DB2006,,,,71.59,11,31,10.7,11,31,10.7,75.3,,74.49,12,188,0.4,,,,,,,,,,,,,,,,,,,,,,75.19,6,13,4.1,,,,,,,,75,,6,,6,0,61.2,,70,,7,,7,6,,8,,,,,,,68.29,13,315,51.7,,,,,,87.47,,,,,,,,,3,11,884,5,11,1094,,69.95,360,32.2,,,99.71,92.6,,3.5,,,,,,
Japan,DB2005,,,,71.62,11,31,10.6,11,31,10.6,74.9,,,,,,,,,,,,,,,,,,,,,,,,,,,75.19,6,13,4.1,,,,,,,,68.75,,5,,6,0,61.5,,,,,,,,,,,,,,,,,,,,,,,,,,,,,,,,,,,,,,,,,69.95,360,32.2,,,99.68,92.6,,3.5,,,,,,
Japan,DB2004,,,,71.61,11,31,10.7,11,31,10.7,74.9,,,,,,,,,,,,,,,,,,,,,,,,,,,,,,,,,,,,,,,,,,,,,,,,,,,,,,,,,,,,,,,,,,,,,,,,,,,,,,,,,,,,,69.95,360,32.2,,,99.67,92.6,,3.5,,,,,,
Japan - Osaka,DB2017,,75.44,,86.26,8,10.5,7.5,8,10.5,7.5,0,,73.33,12,197,0.5,11,2,1,2,3,1,2,,88.66,4,84,0,8,3,1,1,1,1,1,18.8,,73.91,6,13,5.8,24.5,8,3.5,8,5,0,,50,4,,6,,0,100,,60,6,,7,7,6,8,,5,7,3,5,,78.9,77.01,14,175,48.9,26.2,18.4,4.2,N/A,,86.26,20,309,1,72,24,344,4,87,,,,,,,,65.26,360,23.4,7.5,,93.69,92.8,0.6,3.5,1,14,3,6,3,2
Japan - Osaka,DB2016,,75.27,,86.25,8,10.5,7.5,8,10.5,7.5,0,,73.32,12,197,0.6,11,2,1,2,3,1,2,,88.66,4,84,0,8,3,1,1,1,1,1,20.2,,73.91,6,13,5.8,24.5,8,3.5,8,5,N/A,,50,4,,6,,0,100,,60,6,,7,7,6,8,,5,7,3,5,,78.9,75.3,14,204,50.5,28.9,18.3,4.2,,,86.26,20,309,1,72,24,344,4,87,,,,,,,,65.26,360,23.4,7.5,,93.75,92.9,0.6,3.5,1,14,3,6,3,2
Japan - Osaka,DB2015,,75.06,,86.25,8,10.5,7.5,8,10.5,7.5,0,,73.31,12,197,0.6,11,2,1,2,3,1,2,,88.66,4,84,0,8,3,1,1,1,1,1,22.7,,73.91,6,13,5.8,24.5,8,3.5,8,5,,,50,4,,6,,0,100,,60,6,,7,7,6,8,8,5,7,3,5,,,73.26,14,221,50.4,28.9,18.1,4.3,,,86.26,20,309,1,72,24,344,4,87,3,11,670,5,11,862,,65.26,360,23.4,7.5,,93.74,92.9,0.6,3.5,1,14,3,6,3,2
Japan - Osaka,DB2014,,77.13,,86.13,8,11,7.5,8,11,7.5,0,,73.37,12,197,0.5,,,,,,,,,84.88,4,84,0,,,,,,,,,,71.32,6,13,5.8,,,,,,,,50,4,3,6,5,0,100,,70,6,7,7,7,6,8,8,5,7,3,5,,,74.13,13,221,49.8,,,,,,88.31,,,,,,,,,3,11,670,5,11,862,,73.25,360,23.4,,,93.71,92.8,,3.5,1,14,3,6,3,2
Japan - Tokyo,DB2017,,75.58,,86,8,11.5,7.5,8,11.5,7.5,0,,73.33,12,197,0.5,11,2,1,2,3,1,2,,90.54,3,105,0,8,3,1,1,1,1,1,24.6,,73.91,6,13,5.8,24.5,8,3.5,8,5,0,,50,4,,6,,0,100,,60,6,,7,7,6,8,,5,7,3,5,,78.9,77.04,14,175,48.9,26.2,18.4,4.2,N/A,,86.53,24,241,3,54,48,275,3,107,,,,,,,,65.26,360,23.4,7.5,,93.16,91.8,0.6,4.5,1,14,3,6,3,2
Japan - Tokyo,DB2016,,75.41,,86,8,11.5,7.5,8,11.5,7.5,0,,73.32,12,197,0.6,11,2,1,2,3,1,2,,90.54,3,105,0,8,3,1,1,1,1,1,28.9,,73.91,6,13,5.8,24.5,8,3.5,8,5,N/A,,50,4,,6,,0,100,,60,6,,7,7,6,8,,5,7,3,5,,78.9,75.33,14,204,50.4,28.9,18.2,4.2,,,86.53,24,241,3,54,48,275,3,107,,,,,,,,65.26,360,23.4,7.5,,93.23,91.9,0.6,4.5,1,14,3,6,3,2
Japan - Tokyo,DB2015,,75.26,,86,8,11.5,7.5,8,11.5,7.5,0,,73.31,12,197,0.6,11,2,1,2,3,1,2,,90.54,3,105,0,8,3,1,1,1,1,1,32.6,,73.91,6,13,5.8,24.5,8,3.5,8,5,,,50,4,,6,,0,100,,60,6,,7,7,6,8,8,5,7,3,5,,,73.3,14,221,50.3,28.9,18.1,4.2,,,86.53,24,241,3,54,48,275,3,107,3,11,915,5,11,1107,,65.26,360,23.4,7.5,,93.74,92.9,0.6,3.5,1,14,3,6,3,2
Japan - Tokyo,DB2014,,79.07,,85.87,8,12,7.5,8,12,7.5,0,,73.37,12,197,0.5,,,,,,,,,87.39,3,105,0,,,,,,,,,,71.32,6,13,5.8,,,,,,,,68.75,4,6,6,5,0,100,,70,6,7,7,7,6,8,8,5,7,3,5,,,74.16,13,221,49.7,26.9,17.4,,,,86.7,,,,,,,,,3,11,915,5,11,1107,,73.25,360,23.4,,,93.71,92.8,,3.5,1,14,3,6,3,2
Japan - Tokyo,DB2013,,78.81,,85.87,8,12,7.5,8,12,7.5,0,,73.36,12,197,0.5,,,,,,,,,87.39,3,105,0,,,,,,,,,,71.32,6,13,5.8,,,,,,,,68.75,,6,,5,0,100,,70,,7,,7,6,,8,,,,,,,74.81,13,221,48.5,,,,,,86.8,,,,,,,,,3,11,905,5,11,1107,,69.95,360,32.2,,,99.86,92.8,,3.5,1,,,,,
Japan - Tokyo,DB2012,,78.88,,85.88,8,12,7.5,8,12,7.5,0,,73.37,12,197,0.5,,,,,,,,,87.39,3,105,0,,,,,,,,,,71.55,6,13,5.7,,,,,,,,68.75,,6,,5,0,99,,70,,7,,7,6,,8,,,,,,,75.17,13,221,47.7,,,,,,86.92,,,,,,,,,3,11,905,5,11,1107,,69.95,360,32.2,,,99.83,92.7,,3.5,1,,,,,
Japan - Tokyo,DB2011,,77.98,,83.11,8,23,7.5,8,23,7.5,0,,73.61,12,197,0.4,,,,,,,,,87.39,3,105,0,,,,,,,,,,71.88,6,13,5.5,,,,,,,,68.75,,6,,5,0,76.1,,70,,7,,7,6,,8,,,,,,,68.31,13,355,47.7,,,,,,87.05,,,,,,,,,3,11,905,5,11,1107,,69.95,360,32.2,,,99.77,92.7,,3.5,,,,,,
Japan - Tokyo,DB2010,,78.39,,83.12,8,23,7.5,8,23,7.5,0,,73.63,12,197,0.4,,,,,,,,,87.39,3,105,0,,,,,,,,,,73,6,13,5,,,,,,,,75,,6,,6,0,76.2,,70,,7,,7,6,,8,,,,,,,65.06,12,355,55,,,,,,87.19,,,,,,,,,3,11,884,5,11,1094,,69.95,360,32.2,,,99.61,92.5,,3.5,,,,,,
Japan - Tokyo,DB2009,,,,83.12,8,23,7.5,8,23,7.5,0,,73.64,12,197,0.4,,,,,,,,,,,,,,,,,,,,,,73,6,13,5,,,,,,,,75,,6,,6,0,76.2,,70,,7,,7,6,,8,,,,,,,64.66,13,355,54.7,,,,,,87.27,,,,,,,,,3,11,884,5,11,1094,,69.95,360,32.2,,,99.61,92.5,,3.5,,,,,,
Japan - Tokyo,DB2008,,,,83.12,8,23,7.5,8,23,7.5,0,,74.52,12,188,0.4,,,,,,,,,,,,,,,,,,,,,,72.98,6,13,5,,,,,,,,75,,6,,6,0,68.3,,70,,7,,7,6,,8,,,,,,,66.49,13,350,51.7,,,,,,87.33,,,,,,,,,3,11,884,5,11,1094,,69.95,360,32.2,,,99.7,92.6,,3.5,,,,,,
Japan - Tokyo,DB2007,,,,83.11,8,23,7.5,8,23,7.5,0,,74.49,12,188,0.4,,,,,,,,,,,,,,,,,,,,,,75.19,6,13,4.1,,,,,,,,75,,6,,6,0,61.2,,70,,7,,7,6,,8,,,,,,,66.49,13,350,51.7,,,,,,87.39,,,,,,,,,3,11,884,5,11,1094,,69.95,360,32.2,,,99.8,92.7,,3.5,,,,,,
Japan - Tokyo,DB2006,,,,71.59,11,31,10.7,11,31,10.7,75.3,,74.49,12,188,0.4,,,,,,,,,,,,,,,,,,,,,,75.19,6,13,4.1,,,,,,,,75,,6,,6,0,61.2,,70,,7,,7,6,,8,,,,,,,68.29,13,315,51.7,,,,,,87.47,,,,,,,,,3,11,884,5,11,1094,,69.95,360,32.2,,,99.71,92.6,,3.5,,,,,,
Japan - Tokyo,DB2005,,,,71.62,11,31,10.6,11,31,10.6,74.9,,,,,,,,,,,,,,,,,,,,,,,,,,,75.19,6,13,4.1,,,,,,,,68.75,,5,,6,0,61.5,,,,,,,,,,,,,,,,,,,,,,,,,,,,,,,,,,,,,,,,,69.95,360,32.2,,,99.68,92.6,,3.5,,,,,,
Japan - Tokyo,DB2004,,,,71.61,11,31,10.7,11,31,10.7,74.9,,,,,,,,,,,,,,,,,,,,,,,,,,,,,,,,,,,,,,,,,,,,,,,,,,,,,,,,,,,,,,,,,,,,,,,,,,,,,,,,,,,,,69.95,360,32.2,,,99.67,92.6,,3.5,,,,,,
"Korea, Rep",DB2017,5,84.07,11,95.83,2,4,14.6,2,4,14.6,0,31,77.84,10,28,4.3,8,2,0,2,3,1,0,1,99.88,3,18,38.3,8,3,1,1,1,1,1,9,39,76.34,7,5.5,5.1,27.5,8,4.5,8,7,0,44,65,5,,8,,0,100,13,73.33,7.3,,7,7,6,8,,7.7,7,7,9,23,92.6,86.56,12,188,33.1,18.2,13.6,1.2,N/A,32,92.52,13,185,1,11,6,315,1,27,,,,,,,1,84.15,290,12.7,14.5,4,89.22,84.5,1.5,3.5,1,14,2.5,5.5,3,3
"Korea, Rep",DB2016,4,83.86,17,94.36,3,4,14.5,3,4,14.5,0,28,77.83,10,28,4.3,8,2,0,2,3,1,0,1,99.88,3,18,39.8,8,3,1,1,1,1,1,10.1,41,76.22,7,6.5,5.1,27.5,8,4.5,8,7,N/A,42,65,5,,8,,0,100,10,73.33,7.3,,7,7,6,8,,7.7,7,7,9,25,92.6,86.54,12,188,33.2,18.2,13.8,1.2,,32,92.52,13,185,1,11,6,315,1,27,,,,,,,1,84.15,290,12.7,14.5,6,88.75,83.6,1.5,3.5,1,14,2.5,5.5,3,3
"Korea, Rep",DB2015,,83.69,,94.36,3,4,14.5,3,4,14.5,0,,77.82,10,28,4.3,8,2,0,2,3,1,0,,99.87,3,18,41.1,8,3,1,1,1,1,1,10,,76.16,7,7,5.1,27.5,8,4.5,8,7,,,65,5,,8,,0,100,,73.33,7.3,,7,7,6,8,7,7.7,7,7,9,,,85.15,11,187,33.2,18.2,13.6,1.3,,,92.52,13,185,1,11,6,315,1,27,3,8,670,3,7,695,,84.15,290,12.7,14.5,,88.5,83.1,1.5,3.5,1,14,2.5,5.5,3,3
"Korea, Rep",DB2014,,83.92,,94.36,3,4,14.6,3,4,14.6,0,,85.94,10,28,4.3,,,,,,,,,99.81,3,18,45.1,,,,,,,,,,70.66,7,9,5.1,,,,,,,,75,5,6,8,6,0,100,,66.67,7.2,6.7,7,7,6,8,7,7.3,7,7,8,,,85.08,11,187,33.3,15.2,13.2,,,,93.92,,,,,,,,,3,8,670,3,7,695,,79.17,290,12.7,,,88.02,82.3,,3.5,1,14,2.5,5.5,3,3
"Korea, Rep",DB2013,,83.74,,94.36,3,4,14.6,3,4,14.6,0,,85.93,10,28,4.3,,,,,,,,,99.87,3,18,31,,,,,,,,,,70.66,7,9,5.1,,,,,,,,75,,6,,6,0,100,,66.67,,6.7,,7,6,,7,,,,,,,83.72,11,207,34,,,,,,93.9,,,,,,,,,3,8,665,3,7,695,,79.17,290,12.7,,,88.09,81.8,,3.5,1,,,,,
"Korea, Rep",DB2012,,82.69,,90.66,5,7,14.6,5,7,14.6,0,,85.92,10,28,4.3,,,,,,,,,99.84,3,18,38.6,,,,,,,,,,70.66,7,9,5.1,,,,,,,,75,,6,,6,0,100,,60,,6,,7,4,,7,,,,,,,81.62,13,225,34.1,,,,,,93.78,,,,,,,,,3,8,680,3,7,695,,80.81,230,12.7,,,88.57,82.3,,3.5,1,,,,,
"Korea, Rep",DB2011,,81.77,,84.48,8,14,14.7,8,14,14.7,0,,87.32,9,27,4.4,,,,,,,,,99.83,3,18,42.3,,,,,,,,,,70.65,7,9,5.1,,,,,,,,75,,6,,6,0,93.3,,60,,6,,7,4,,7,,,,,,,81.07,15,250,30.2,,,,,,92.64,,,,,,,,,3,9,790,3,7,790,,78.73,230,12.7,,,87.97,81.7,,3.5,,,,,,
"Korea, Rep",DB2010,,81.53,,84.47,8,14,14.7,8,14,14.7,0,,87.28,9,27,4.4,,,,,,,,,99.82,3,18,43.7,,,,,,,,,,70.69,7,9,5.1,,,,,,,,75,,6,,6,0,93.8,,60,,6,,7,4,,7,,,,,,,80.07,15,250,32.3,,,,,,92.51,,,,,,,,,3,9,742,3,8,742,,78.73,230,12.7,,,86.69,80.5,,3.5,,,,,,
"Korea, Rep",DB2009,,,,63.7,10,17,16.9,10,17,16.9,268.9,,87.21,9,27,4.4,,,,,,,,,,,,,,,,,,,,,,70.6,7,9.5,5.1,,,,,,,,75,,6,,6,0,90.4,,60,,6,,7,4,,7,,,,,,,79.35,15,250,33.9,,,,,,86.56,,,,,,,,,4,9,767,6,8,747,,78.73,230,12.7,,,86.69,80.5,,3.5,,,,,,
"Korea, Rep",DB2008,,,,61.99,10,17,17.1,10,17,17.1,296,,87.16,9,27,4.4,,,,,,,,,,,,,,,,,,,,,,70.6,7,9.5,5.1,,,,,,,,68.75,,6,,5,0,74.2,,60,,6,,7,4,,7,,,,,,,78.34,15,290,31.6,,,,,,84.97,,,,,,,,,4,12,745,6,10,745,,78.73,230,12.7,,,87.39,81.2,,3.5,,,,,,
"Korea, Rep",DB2007,,,,61.61,10,17,18.2,10,17,18.2,299.7,,87.15,9,27,4.5,,,,,,,,,,,,,,,,,,,,,,70.6,7,9.5,5.1,,,,,,,,68.75,,6,,5,0,76.6,,60,,6,,7,4,,7,,,,,,,77.92,15,290,32.5,,,,,,78.64,,,,,,,,,5,13,780,8,12,1040,,78.73,230,12.7,,,88.05,81.8,,3.5,,,,,,
"Korea, Rep",DB2006,,,,61.36,10,17,15.7,10,17,15.7,308.8,,85.6,9,43,4.5,,,,,,,,,,,,,,,,,,,,,,70.52,7,10,5.1,,,,,,,,68.75,,6,,5,0,80.7,,60,,6,,7,4,,7,,,,,,,75.91,15,290,36.8,,,,,,78.6,,,,,,,,,5,13,780,8,12,1040,,78.73,230,12.7,,,87.9,81.7,,3.5,,,,,,
"Korea, Rep",DB2005,,,,59.9,10,17,15.7,10,17,15.7,332,,,,,,,,,,,,,,,,,,,,,,,,,,,68.29,7,10,6.1,,,,,,,,68.75,,6,,5,0,80.7,,,,,,,,,,,,,,,,,,,,,,,,,,,,,,,,,,,,,,,,,78.73,230,12.7,,,87.49,81.3,,3.5,,,,,,
"Korea, Rep",DB2004,,,,58.59,10,17,18.4,10,17,18.4,347.7,,,,,,,,,,,,,,,,,,,,,,,,,,,,,,,,,,,,,,,,,,,,,,,,,,,,,,,,,,,,,,,,,,,,,,,,,,,,,,,,,,,,,78.73,230,12.7,,,87.15,81,,3.5,,,,,,
"Taiwan, China",DB2017,11,81.09,19,94.42,3,10,2.1,3,10,2.1,0,3,86.3,10,93,0.4,13,2,1,2,3,1,4,2,99.44,3,22,41.3,8,3,1,1,1,1,1,12.3,17,83.89,3,4,6.2,28.5,8,4.5,8,8,0,62,60,4,,8,,0,97.1,22,70,7,,6.7,9,5,6,,7.3,7,6,9,30,90.8,84.78,11,221,34.5,12.7,18.4,3.4,N/A,68,80.11,17,335,31,84,47,389,41,90,,,,,,,14,73.49,510,17.7,13,22,78.46,81.9,1.9,4,1,11,3,5.5,0.5,2
"Taiwan, China",DB2016,10,81.08,16,94.41,3,10,2.1,3,10,2.1,0,3,86.29,10,93,0.4,13,2,1,2,3,1,4,2,99.43,3,22,42.8,8,3,1,1,1,1,1,14.1,17,83.89,3,4,6.2,28.5,8,4.5,8,8,N/A,60,60,4,,8,,0,93.3,18,70,7,,6.7,9,5,6,,7.3,7,6,9,32,90.8,84.79,11,221,34.5,12.7,18.4,3.4,,67,80.11,17,335,31,84,47,389,41,90,,,,,,,15,73.49,510,17.7,13,21,78.41,81.8,1.9,4,1,11,3,5.5,0.5,4
"Taiwan, China",DB2015,,80.87,,94.39,3,10,2.2,3,10,2.2,0,,86.27,10,93,0.5,13,2,1,2,3,1,4,,99.21,3,24,45.7,8,3,1,1,1,1,1,14.4,,83.89,3,4,6.2,28.5,8,4.5,8,8,,,60,4,,8,,0,87.9,,70,7,,6.7,9,5,6,5,7.3,7,6,9,,,82.9,11,221,34.2,12.7,18.1,3.4,,,80.11,17,335,31,84,47,389,41,90,5,10,655,6,10,720,,73.49,510,17.7,13,,78.41,81.8,1.9,4,1,11,3,5.5,0.5,2
"Taiwan, China",DB2014,,79.24,,94.38,3,10,2.3,3,10,2.3,0,,86.13,10,93,0.5,,,,,,,,,93.38,4,24,47.1,,,,,,,,,,80.19,3,4,6.2,,,,,,,,62.5,4,5,7,5,0,94.1,,63.33,7,6.3,6.7,9,5,6,5,7.3,7,6,9,,,82.34,12,221,34.2,12.7,18.6,,,,84.32,,,,,,,,,5,10,655,6,10,720,,57.75,510,17.7,,,78.42,81.8,,4,1,11,3,5.5,0.5,2
"Taiwan, China",DB2013,,79.21,,94.38,3,10,2.3,3,10,2.3,0,,86.12,10,93,0.5,,,,,,,,,93.38,4,24,48,,,,,,,,,,80.19,3,4,6.2,,,,,,,,62.5,,5,,5,0,94.1,,63.33,,6.3,,9,5,,5,,,,,,,82.13,12,221,34.7,,,,,,84.27,,,,,,,,,5,10,655,6,10,720,,57.75,510,17.7,,,88.06,81.8,,4,1,,,,,
"Taiwan, China",DB2012,,75.92,,94.37,3,10,2.4,3,10,2.4,0,,67.26,22,124,0.4,,,,,,,,,93.38,4,24,48.3,,,,,,,,,,80.19,3,4,6.2,,,,,,,,62.5,,5,,5,0,90.9,,53.33,,5.3,,7,4,,5,,,,,,,78.84,15,245,35.5,,,,,,83.17,,,,,,,,,5,12,655,6,12,720,,57.75,510,17.7,,,88.42,82.1,,4,1,,,,,
"Taiwan, China",DB2011,,74.82,,88.51,6,15,4,6,15,4,0,,65.86,22,138,0.4,,,,,,,,,93.36,4,24,52.5,,,,,,,,,,80.19,3,4,6.2,,,,,,,,62.5,,5,,5,0,90.4,,53.33,,5.3,,7,4,,5,,,,,,,74.81,15,269,41.3,,,,,,83.35,,,,,,,,,5,12,645,6,12,700,,57.75,510,17.7,,,88.56,82.3,,4,,,,,,
"Taiwan, China",DB2010,,74.39,,86.75,6,22,3.9,6,22,3.9,0,,65.86,22,138,0.4,,,,,,,,,93.36,4,24,52.1,,,,,,,,,,80.19,3,4,6.2,,,,,,,,62.5,,5,,5,0,63.2,,53.33,,5.3,,7,4,,5,,,,,,,74.09,15,280.5,41.5,,,,,,82.96,,,,,,,,,5,12,720,6,12,732,,57.75,510,17.7,,,87.09,80.9,,4,,,,,,
"Taiwan, China",DB2009,,,,68.21,8,41,4,8,41,4,173.1,,65.88,22,138,0.4,,,,,,,,,,,,,,,,,,,,,,80.11,3,4.5,6.2,,,,,,,,62.5,,5,,5,0,62.7,,53.33,,5.3,,7,4,,5,,,,,,,67.69,21,340,41.5,,,,,,82.87,,,,,,,,,5,12,757,6,12,769,,57.75,510,17.7,,,87.09,80.9,,4,,,,,,
"Taiwan, China",DB2008,,,,66.13,8,47,4.2,8,47,4.2,181.8,,65.02,22,138,0.9,,,,,,,,,,,,,,,,,,,,,,80.11,3,4.5,6.2,,,,,,,,56.25,,4,,5,0,67.1,,53.33,,5.3,,7,4,,5,,,,,,,67.61,21,340,41.7,,,,,,82.99,,,,,,,,,5,12,747,6,12,747,,57.75,510,17.7,,,86.35,80.2,,4,,,,,,
"Taiwan, China",DB2007,,,,61.15,8,65,4.3,8,65,4.3,188.9,,65.73,22,138,0.5,,,,,,,,,,,,,,,,,,,,,,80.03,3,5,6.2,,,,,,,,56.25,,4,,5,0,59.5,,53.33,,5.3,,7,4,,5,,,,,,,69.57,21,340,37.7,,,,,,83.04,,,,,,,,,5,12,747,6,12,747,,57.75,510,17.7,,,86.49,80.4,,4,,,,,,
"Taiwan, China",DB2006,,,,60.89,8,65,4.4,8,65,4.4,192.9,,65.72,22,138,0.5,,,,,,,,,,,,,,,,,,,,,,80.03,3,5,6.2,,,,,,,,56.25,,4,,5,0,57.1,,53.33,,5.3,,7,4,,5,,,,,,,71.74,20,340,34.3,,,,,,83.1,,,,,,,,,5,12,747,6,12,747,,57.75,510,17.7,,,86.39,80.3,,4,,,,,,
"Taiwan, China",DB2005,,,,64.27,8,48,5.7,8,48,5.7,204.6,,,,,,,,,,,,,,,,,,,,,,,,,,,80.03,3,5,6.2,,,,,,,,56.25,,4,,5,0,33.4,,,,,,,,,,,,,,,,,,,,,,,,,,,,,,,,,,,,,,,,,57.75,510,17.7,,,87.21,81,,4,,,,,,
"Taiwan, China",DB2004,,,,63.86,8,48,5.9,8,48,5.9,210.8,,,,,,,,,,,,,,,,,,,,,,,,,,,,,,,,,,,,,,,,,,,,,,,,,,,,,,,,,,,,,,,,,,,,,,,,,,,,,,,,,,,,,57.75,510,17.7,,,87.21,81,,4,,,,,,
